{
    "$schema": "http://schema.management.azure.com/schemas/2015-01-01/deploymentTemplate.json#",
    "contentVersion": "1.0.0.0",
    "parameters": {
        "workspace": {
            "type": "string"
        },
        "workspaceapiversion": {
            "type": "string",
            "defaultValue": "2017-04-26-preview"
        },
        "location": {
            "type": "string"
        },
        "_artifactsLocation": {
            "type": "string",
            "metadata": {
                "description": "The base URI where artifacts required by this template are located including a trailing '/'"
            },
            "defaultValue": "[deployment().properties.templateLink.uri]"
        },
        "_artifactsLocationSasToken": {
            "type": "securestring",
            "metadata": {
                "description": "The sasToken required to access _artifactsLocation.  When the template is deployed using the accompanying scripts, a sasToken will be automatically generated. Use the defaultValue if the staging location is not secured."
            },
            "defaultValue": ""
        }
    },
    "variables": {
        "OMSViews": {
            "viewNames": [
                "Workspace.omsview",
                "Citrix-Processes.omsview",
                "Citrix-Sessions.omsview",
                "Citrix-Site-and-Applications.omsview",
                "Citrix-Workers.omsview"
            ]
        }
    },
    "resources": [
        {
            "apiVersion": "2018-02-01",
            "name": "pid-ffc08e4e-3df5-4fdd-947f-34a8ca28fe32",
            "type": "Microsoft.Resources/deployments",
            "properties": {
                "mode": "Incremental",
                "template": {
                    "$schema": "https://schema.management.azure.com/schemas/2015-01-01/deploymentTemplate.json#",
                    "contentVersion": "1.0.0.0",
                    "resources": []
                }
            }
        },
        {
            "apiVersion": "2017-05-10",
            "name": "[replace(variables('OMSViews').viewNames[copyIndex()], '%20', '_')]",
            "type": "Microsoft.Resources/deployments",
            "copy": {
                "name": "viewCopy",
                "count": "[length(variables('OMSViews').viewNames)]",
                "mode": "Serial"
            },
            "properties": {
                "mode": "Incremental",
                "templateLink": {
                    "uri": "[uri(parameters('_artifactsLocation'), concat('nestedtemplates/',variables('OMSViews').viewNames[copyIndex()], parameters('_artifactsLocationSasToken')))]",
                    "contentVersion": "1.0.0.0"
                },
                "parameters": {
                    "workspace": {
                        "value": "[concat(parameters('workspace'),'-', uniqueString(resourceGroup().id,subscription().subscriptionId))]"
                    },
                    "location": {
                        "value": "[parameters('location')]"
                    },
                    "resourcegroup": {
                        "value": "[resourceGroup().name]"
                    },
                    "subscriptionId": {
                        "value": "[subscription().subscriptionId]"
                    },
                    "workspaceapiversion": {
                        "value": "[parameters('workspaceapiversion')]"
                    }
                }
            }
        }
    ]
}